title,image,category,subcategory,isNew
Graphics Book1,../media/NavigationMenu/Logo_Share.jpeg,Graphics,Books,true
Graphics Campaign1,../media/NavigationMenu/Logo_Share.jpeg,Graphics,Campaigns,true
Graphics Book2,../media/NavigationMenu/Logo_Share.jpeg,Graphics,Books,false
Graphics Campaign2,../media/NavigationMenu/Logo_Share.jpeg,Graphics,Campaigns,false
Graphics Book3,../media/NavigationMenu/Logo_Share.jpeg,Graphics,Books,true
Graphics Campaign3,../media/NavigationMenu/Logo_Share.jpeg,Graphics,Campaigns,true
Graphics Book4,../media/NavigationMenu/Logo_Share.jpeg,Graphics,Books,true
Graphics Campaign4,../media/NavigationMenu/Logo_Share.jpeg,Graphics,Campaigns,false
Web Book1,../media/NavigationMenu/Logo_Share.jpeg,Web,Books,false
Web Campaign1,../media/NavigationMenu/Logo_Share.jpeg,Web,Campaigns,true
Web Book2,../media/NavigationMenu/Logo_Share.jpeg,Web,Books,true
Web Campaign2,../media/NavigationMenu/Logo_Share.jpeg,Web,Campaigns,false
Web Book3,../media/NavigationMenu/Logo_Share.jpeg,Web,Books,true
Web Campaign3,../media/NavigationMenu/Logo_Share.jpeg,Web,Campaigns,true
Web Book4,../media/NavigationMenu/Logo_Share.jpeg,Web,Books,false
Web Campaign4,../media/NavigationMenu/Logo_Share.jpeg,Web,Campaigns,false
Design Book1,../media/NavigationMenu/Logo_Share.jpeg,Design,Books,true
Design Campaign1,../media/NavigationMenu/Logo_Share.jpeg,Design,Campaigns,false
Design Book2,../media/NavigationMenu/Logo_Share.jpeg,Design,Books,true
Design Campaign2,../media/NavigationMenu/Logo_Share.jpeg,Design,Campaigns,true
Design Book3,../media/NavigationMenu/Logo_Share.jpeg,Design,Books,true
Design Campaign3,../media/NavigationMenu/Logo_Share.jpeg,Design,Campaigns,true
Design Book4,../media/NavigationMenu/Logo_Share.jpeg,Design,Books,false
Design Campaign4,../media/NavigationMenu/Logo_Share.jpeg,Design,Campaigns,false
